{
  "DB_표준양식_01_고성교(2025).xlsm": {
    "h_min": 1.3,
    "h_max": 4.744477099702941,
    "n": 11,
    "stages_asc": [
      1.3,
      1.3,
      1.35,
      1.37,
      1.37,
      1.42,
      1.49,
      1.64,
      1.74,
      1.92,
      4.744477099702941
    ]
  },
  "DB_표준양식_02_후영교(2025).xlsm": {
    "h_min": 1.1,
    "h_max": 4.7451072573882245,
    "n": 10,
    "stages_asc": [
      1.1,
      1.12,
      1.14,
      1.18,
      1.22,
      1.32,
      1.44,
      1.57,
      1.7,
      4.7451072573882245
    ]
  },
  "DB_표준양식_03_약수교(2025).xlsm": {
    "h_min": 0.18,
    "h_max": 1.32,
    "n": 10,
    "stages_asc": [
      0.18,
      0.23,
      0.35,
      0.35,
      0.44,
      0.46,
      0.68,
      0.73,
      0.845,
      1.32
    ]
  },
  "DB_표준양식_04_정림교(2025).xlsm": {
    "h_min": 1.488,
    "h_max": 2.93,
    "n": 11,
    "stages_asc": [
      1.488,
      1.54,
      1.6575,
      1.71,
      1.86,
      2.12,
      2.43,
      2.89,
      2.89,
      2.92,
      2.93
    ]
  },
  "DB_표준양식_05_남전교(2025).xlsm": {
    "h_min": 1.62,
    "h_max": 3.165,
    "n": 13,
    "stages_asc": [
      1.62,
      1.63,
      1.64,
      1.66,
      1.68,
      1.72,
      1.76,
      1.8,
      1.8,
      2.18,
      2.355,
      3.0199999999999996,
      3.165
    ]
  },
  "DB_표준양식_06_용신교(2025).xlsm": {
    "h_min": 0.72,
    "h_max": 1.61,
    "n": 8,
    "stages_asc": [
      0.72,
      0.87,
      0.95,
      0.99,
      1.0,
      1.18,
      1.185,
      1.61
    ]
  },
  "DB_표준양식_07_구오탄교(2025).xlsm": {
    "h_min": 1.2,
    "h_max": 1.58,
    "n": 8,
    "stages_asc": [
      1.2,
      1.205,
      1.21,
      1.28,
      1.31,
      1.39,
      1.48,
      1.58
    ]
  },
  "DB_표준양식_08_목동교(2025).xlsm": {
    "h_min": 0.8,
    "h_max": 1.74,
    "n": 19,
    "stages_asc": [
      0.8,
      0.84,
      0.85,
      0.88,
      0.89,
      0.97,
      0.98,
      1.02,
      1.065,
      1.14,
      1.18,
      1.27,
      1.35,
      1.43,
      1.45,
      1.45,
      1.5,
      1.5,
      1.74
    ]
  },
  "DB_표준양식_09_성포교(2025).xlsm": {
    "h_min": 1.12,
    "h_max": 2.36,
    "n": 12,
    "stages_asc": [
      1.12,
      1.16,
      1.19,
      1.26,
      1.26,
      1.29,
      1.33,
      1.34,
      1.38,
      1.53,
      1.915,
      2.36
    ]
  },
  "DB_표준양식_10_한덕교(2025).xlsm": {
    "h_min": 2.25,
    "h_max": 4.390000000000001,
    "n": 11,
    "stages_asc": [
      2.25,
      2.28,
      2.38,
      2.41,
      2.42,
      2.46,
      2.65,
      2.88,
      2.95,
      4.3,
      4.390000000000001
    ]
  },
  "DB_표준양식_11_산장제1교(2025).xlsm": {
    "h_min": 1.3,
    "h_max": 2.33,
    "n": 12,
    "stages_asc": [
      1.3,
      1.4,
      1.4,
      1.41,
      1.45,
      1.51,
      1.525,
      1.53,
      1.55,
      1.97,
      2.065,
      2.33
    ]
  },
  "DB_표준양식_12_죽동교(2025).xlsm": {
    "h_min": 1.11,
    "h_max": 3.45,
    "n": 10,
    "stages_asc": [
      1.11,
      1.12,
      1.18,
      1.27,
      1.33,
      1.355,
      1.37,
      2.235,
      2.54,
      3.45
    ]
  },
  "DB_표준양식_13_광곡교(2025).xlsm": {
    "h_min": 1.34,
    "h_max": 2.25,
    "n": 8,
    "stages_asc": [
      1.34,
      1.34,
      1.35,
      1.3650000000000002,
      1.41,
      1.43,
      1.4649999999999999,
      2.25
    ]
  },
  "DB_표준양식_14_보성교(2025).xlsm": {
    "h_min": 1.74,
    "h_max": 2.62,
    "n": 10,
    "stages_asc": [
      1.74,
      1.78,
      1.84,
      1.93,
      2.045,
      2.34,
      2.52,
      2.56,
      2.59,
      2.62
    ]
  }
}